{
    "Logistic": {
        "accuracy": 0.994175,
        "precision": 0.963680810197311,
        "recall": 0.9954906204906205,
        "f1": 0.9793274775973738
    },
    "Support Vector Machine (SVM)": {
        "accuracy": 0.997625,
        "precision": 0.987126765599857,
        "recall": 0.9958513708513709,
        "f1": 0.9914698751908054
    },
    "Random Forest": {
        "accuracy": 0.995525,
        "precision": 0.9687226978857243,
        "recall": 1.0,
        "f1": 0.9841128960681637
    },
    "Naive Bayes": {
        "accuracy": 0.9617,
        "precision": 0.870110701107011,
        "recall": 0.8506493506493507,
        "f1": 0.8602699744618753
    },
    "Ensemble": {
        "accuracy": 0.996325,
        "precision": 0.9787120808940926,
        "recall": 0.9951298701298701,
        "f1": 0.9868526965387712
    }
}